Row,Fully nonlinear,Adaptive soft-threshold
Estimate,49.4738871778907,51.8890571710325
Max Regret,1.32589690972794,1.33792485631257
Max Risk,1.20391458174072,1.17321524860801
Threshold,0,0.593699433391744
