Row,Y_U,Y_R,Y_O,GMM,Fully nonlinear,Adaptive soft-threshold,Pre-test
Estimate,52.94609,33.5274,-19.41869,33.5274,49.4432854678488,51.8900937120054,52.94609
Std Error,2.539776,1.811236,1.78041744612886,1.811236,0,0,0
Max Regret,1.9662591050002,0,0,0,1.3224358076164,1.33758845255963,2.07141287483475
Threshold,0,0,0,0,0,0.59311724353783,1.96
