Row,Fully nonlinear,Adaptive soft-threshold,Pre-test
Estimate,49.4432854678488,51.8900937120054,52.94609
Worst-case Regret,1.3224358076164,1.33758845255963,2.07124780818084
Threshold,0,0.59311724353783,1.96
SURE,12.9133341095716,7.5655902904344,0
